economy,AUS,AUS,AUS,AUS,AUS,AUS,AUS,AUS,BGD,BGD,BGD,BGD,BGD,BGD,BGD,BGD,BMU,BMU,BMU,BMU,BMU,BMU,BMU,BMU,BRA,BRA,BRA,BRA,BRA,BRA,BRA,BRA,FRA,FRA,FRA,FRA,FRA,FRA,FRA,FRA,GBR,GBR,GBR,GBR,GBR,GBR,GBR,GBR,IND,IND,IND,IND,IND,IND,IND,IND,JAM,JAM,JAM,JAM,JAM,JAM,JAM,JAM,JPN,JPN,JPN,JPN,JPN,JPN,JPN,JPN,PAK,PAK,PAK,PAK,PAK,PAK,PAK,PAK
series,EG.ELC.NGAS.ZS,EG.ELC.RNWX.KH,EN.ATM.CO2E.PC,EN.ATM.GHGT.KT.CE,NE.IMP.GNFS.ZS,NY.GDP.MKTP.CD,SL.UEM.1524.FE.ZS,SP.POP.TOTL,EG.ELC.NGAS.ZS,EG.ELC.RNWX.KH,EN.ATM.CO2E.PC,EN.ATM.GHGT.KT.CE,NE.IMP.GNFS.ZS,NY.GDP.MKTP.CD,SL.UEM.1524.FE.ZS,SP.POP.TOTL,EG.ELC.NGAS.ZS,EG.ELC.RNWX.KH,EN.ATM.CO2E.PC,EN.ATM.GHGT.KT.CE,NE.IMP.GNFS.ZS,NY.GDP.MKTP.CD,SL.UEM.1524.FE.ZS,SP.POP.TOTL,EG.ELC.NGAS.ZS,EG.ELC.RNWX.KH,EN.ATM.CO2E.PC,EN.ATM.GHGT.KT.CE,NE.IMP.GNFS.ZS,NY.GDP.MKTP.CD,SL.UEM.1524.FE.ZS,SP.POP.TOTL,EG.ELC.NGAS.ZS,EG.ELC.RNWX.KH,EN.ATM.CO2E.PC,EN.ATM.GHGT.KT.CE,NE.IMP.GNFS.ZS,NY.GDP.MKTP.CD,SL.UEM.1524.FE.ZS,SP.POP.TOTL,EG.ELC.NGAS.ZS,EG.ELC.RNWX.KH,EN.ATM.CO2E.PC,EN.ATM.GHGT.KT.CE,NE.IMP.GNFS.ZS,NY.GDP.MKTP.CD,SL.UEM.1524.FE.ZS,SP.POP.TOTL,EG.ELC.NGAS.ZS,EG.ELC.RNWX.KH,EN.ATM.CO2E.PC,EN.ATM.GHGT.KT.CE,NE.IMP.GNFS.ZS,NY.GDP.MKTP.CD,SL.UEM.1524.FE.ZS,SP.POP.TOTL,EG.ELC.NGAS.ZS,EG.ELC.RNWX.KH,EN.ATM.CO2E.PC,EN.ATM.GHGT.KT.CE,NE.IMP.GNFS.ZS,NY.GDP.MKTP.CD,SL.UEM.1524.FE.ZS,SP.POP.TOTL,EG.ELC.NGAS.ZS,EG.ELC.RNWX.KH,EN.ATM.CO2E.PC,EN.ATM.GHGT.KT.CE,NE.IMP.GNFS.ZS,NY.GDP.MKTP.CD,SL.UEM.1524.FE.ZS,SP.POP.TOTL,EG.ELC.NGAS.ZS,EG.ELC.RNWX.KH,EN.ATM.CO2E.PC,EN.ATM.GHGT.KT.CE,NE.IMP.GNFS.ZS,NY.GDP.MKTP.CD,SL.UEM.1524.FE.ZS,SP.POP.TOTL
YR1961,0.0,303000000.0,,,14.9985775248933,19683055213.3498,,10483000.0,,,,,11.6999989681888,4817580183.60155,,49362834.0,,,,,,89249986.6972895,,45500.0,,,,,6.47318002375161,17275940449.3837,,74311338.0,6.71223273746933,0.0,,,12.2639094042344,67461644222.0352,,47240526.0,0.0,0.0,,,,77741965703.3544,,52800000.0,,,,,5.95757640480206,39232435784.0946,,459642166.0,,,,,34.9979506547611,748028839.423211,,1651067.0,0.0757002271006813,0.0,,,,53508617739.3778,,94055000.0,,,,,14.0162137357875,4118647627.04746,,46065229.0
YR1962,0.0122204570450935,295000000.0,,,12.6089156220136,19922723709.262,,10742000.0,,,,,10.8080969923682,5081413339.78635,,50752150.0,,,,,,94149985.9669446,,46600.0,,,,,5.37637142513745,19231747851.5332,,76514329.0,6.90501870252656,0.0,,,11.9600745088391,75607529809.9288,,47904879.0,0.0,0.0,,,,81247564156.8246,,53250000.0,,,,,6.03181489594084,42161481858.7014,,469077191.0,,,,,34.9222350230415,777712445.751085,,1676500.0,0.213675213675214,0.0,,,,60723018683.7333,,94933000.0,,,,,14.3922046285018,4310163796.72407,,47198886.0
YR1963,0.0182575038340758,301000000.0,,,13.809598086622,21539926083.548,,10950000.0,,,,,11.6562779409751,5319458351.16235,,52202008.0,,,,,,96366652.3032171,,47700.0,,,,,9.00683897968623,23287712878.2002,,78772647.0,5.83459787556904,0.0,,,12.2315578267549,84759195105.8693,,48582624.0,0.0,0.0,,,,86561961812.3249,,53650000.0,,,,,5.90683445823862,48421923458.7413,,478825602.0,,,,,34.0386618233546,826690466.190676,,1703660.0,0.500093767581422,0.0,,,,69498131797.3333,,95900000.0,,,,,15.8126247052422,4630827383.45233,,48387293.0
YR1964,0.0230066390586998,289000000.0,,,13.7398833051007,23801097547.3177,,11167000.0,,,,,14.1218553939094,5386054619.34987,,53741721.0,,,,,,107566650.633857,,48900.0,,,,,5.7448086952101,20963733694.9749,,81064572.0,4.31836825634741,0.0,,,12.9107483570066,94007851047.3678,,49230585.0,0.0,0.0,,,,94407558351.1616,,54000000.0,,,,,5.68499774747481,56480289940.8261,,488848139.0,,,,,38.9776991433014,897931401.371973,,1730739.0,0.390254780621063,0.0,,,,81749006381.5111,,96903000.0,,,,,15.4038570160575,5204955900.88198,,49627623.0
YR1965,0.0209198768715818,296000000.0,,,15.2403535244665,25977153096.6514,,11388000.0,,,,,13.3665973042485,5906636557.00092,,55385114.0,,,,,,114339048.965166,,50100.0,,,,,5.38887067351762,22465522884.0988,,83373533.0,3.17005597542359,0.0,,,12.3851770432598,101537248148.427,,49818019.0,0.0,0.0,,,,101824755078.991,,54348050.0,,,,,5.21156158872582,59554854574.7942,,499123328.0,,,,,36.8663594470046,972140557.188856,,1756508.0,0.377535589508265,0.0,,,,90950278257.7778,,97952000.0,,,,,16.9860102709403,5929231415.37169,,50917975.0
YR1966,0.022237046920169,284000000.0,,,15.1035472626615,27309889125.322,,11651000.0,,,,,12.6518221475519,6439687598.32325,,57157651.0,,,,,,134173373.785653,,51000.0,,,,,5.73309020008774,28283323733.1114,,85696502.0,3.60066057231552,390000000.0,,,12.989882404076,110045852177.928,,50330268.0,0.0,0.0,,,,108572752102.045,,54648500.0,,,,,6.67168685172654,45865462033.91,,509631509.0,,,,,35.869287720194,1096738065.2387,,1780522.0,0.633930649290202,0.0,,,,105628070343.111,,98851000.0,,,,,12.2871591345538,6561108777.82444,,52260183.0
YR1967,0.0205534003031627,290000000.0,,,13.8684520306062,30444618658.3044,,11799000.0,,,,,12.5957179860198,7253575399.3215,,59034250.0,,,,,,155102984.627334,,52000.0,,,,,5.67719217542334,31086389194.961,,88035815.0,3.62147733689236,605000000.0,,,13.1174269920152,118972977486.207,,50775788.0,0.00722724381829745,0.0,,,,113116888210.787,,54943600.0,,,,,5.94661767283014,50134942203.4467,,520400577.0,,,,,36.8053885013231,1148025407.34604,,1803324.0,0.580923076923077,0.0,,,,123781880217.6,,99879000.0,,,,,13.5739605018849,7464510709.7858,,53655783.0
YR1968,0.0167616493462957,282000000.0,,,14.4593160579194,32716989584.4999,,12009000.0,,,,,11.606331446801,7483685473.51275,,60918452.0,,,,,,150000000.0,,53000.0,,,,,6.59975191810417,33930457425.2613,,90387079.0,4.38690418248483,926000000.0,,,13.3892284225505,129785441507.456,,51175507.0,0.0480646132146242,0.0,,,,107759910067.889,,55211700.0,,,,,4.94297346976769,53085455870.8227,,531513834.0,,,,,42.0726306465899,1083883355.33421,,1825873.0,0.546056260341975,0.0,,,,146601072685.511,,101011000.0,,,,,11.5991226237727,8041999160.0168,,55102690.0
YR1969,0.019733812791896,281000000.0,,,13.3101321854871,36686079068.2047,,12263000.0,,,,,11.6653287574603,8471006100.95399,,62679765.0,,,,,,164900000.0,,54000.0,,,,,6.6043593076252,37171640818.5863,,92746607.0,4.75705557171952,1067000000.0,,,14.6957264653009,141903068680.309,,51561833.0,0.142916591355228,0.0,,,,116464702803.218,,55441750.0,,,,,4.0309338230008,58447995016.8493,,543084333.0,,,,,43.4572378362043,1191287651.50606,,1849658.0,0.549992052137975,0.0,,,,172204199480.889,,102219000.0,,,,,10.5589010616944,8683116337.67325,,56598148.0
YR1970,0.866730118871631,261000000.0,,,13.1969655919805,41337215813.6409,,12507000.0,,,,,12.5074840612315,8992721809.39332,,64232486.0,,,,,,186300000.0,,55000.0,,,,,7.44974776115019,42327664793.6934,,95113265.0,4.49728242361499,723000000.0,,,15.4377953507613,148456359985.827,,51957747.0,0.331432902981283,0.0,,,20.9482378652366,130671946244.3,,55663250.0,,,,,3.87894427592481,62422483054.5173,,555189797.0,,,,,37.4167125761757,1404776071.04284,,1875637.0,1.26832018038331,0.0,,,9.20592189457562,212609187919.444,,103403000.0,,,,,10.34952147599,10027509449.811,,58142062.0
YR1971,3.26892261287586,263000000.0,,,12.9126526164591,45222309329.1522,,12937000.0,39.9029126213592,0.0,,,10.7275845200351,8751842839.79658,,65531635.0,,,,,,211100000.0,,54600.0,0.0,618000000.0,,,8.1936964789171,48869830901.7878,,97482928.0,4.75331891767031,715000000.0,,,15.5272768774252,165966615366.402,,52371320.0,0.95520730696445,0.0,,,20.5109792967466,148113896325.14,,55896223.0,0.567907929621596,0.0,,,4.00240134139237,67350988020.9041,,567868021.0,0.0,103000000.0,,,40.938864628821,1539865513.92891,,1904281.0,1.436406372421,0.0,,,8.68908892795979,240151807460.241,,105697000.0,44.6645536185948,0.0,,,10.4802031856037,10665896682.0664,,59734479.0
YR1972,3.48128024755771,280000000.0,,,11.951252356585,52051401869.1589,,13177000.0,39.9029126213592,0.0,,,13.7325591531154,6288245866.66667,,66625706.0,,,,,,235400000.0,,54200.0,0.0,711000000.0,,,8.85983865755849,58434858374.8696,,99859388.0,5.43571591287434,824000000.0,,,15.8473227808061,203494148244.473,,52793151.0,2.50640301103259,0.0,,,20.7131395656391,169965034965.035,,56086065.0,0.672187872255942,0.0,,,3.70891033572639,71463193830.4064,,581087255.0,0.0,129000000.0,,,41.0673337502606,1875048859.93485,,1935089.0,1.29198966408269,0.0,,,7.99805850002055,318031297492.352,,107188000.0,44.6645536185948,0.0,,,8.64594955462477,9415016359.56604,,61381982.0
YR1973,4.27100961015975,338000000.0,,,10.9991772190002,63844971172.3254,,13380000.0,34.6866096866097,0.0,,,11.8552471769742,8086725729.3407,,67637541.0,,,,,,269500000.0,,53800.0,0.0,750000000.0,,,9.01131570710858,83592275862.9982,,102259497.0,5.52852477699608,801000000.0,,,16.8812501740996,264429876252.21,,53207744.0,0.972091899115698,0.0,,,24.7402435300405,192537971582.558,,56194527.0,0.491785262926534,0.0,,,4.72333282643708,85515269585.522,,594770136.0,0.0,205000000.0,,,41.1302982731554,1905917553.19149,,1966978.0,2.25618678648093,269000000.0,,,9.67583298991118,432082670450.719,,108707000.0,40.384385818312,0.0,,,14.2209447045576,6383429490.21091,,63099404.0
YR1974,5.21816588365444,429000000.0,,,13.1911087554245,88981577008.1061,,13723000.0,48.3537766300839,0.0,,,10.348545600697,12512460519.7088,,68742222.0,,,,,,312600000.0,,53400.0,0.0,785000000.0,,,13.2946502579637,109794519727.538,,104706193.0,5.69128752401698,779000000.0,,,21.7254868245712,285552373158.756,,53592235.0,3.84762226415371,0.0,,,31.6085039066487,206131369798.971,,56229974.0,0.606432092647174,0.0,,,6.02056925037022,99525899115.7756,,608802595.0,0.0,192000000.0,,,45.905891070767,2375096249.03751,,1998313.0,3.3581632295788,100000000.0,,,13.865798165836,479625998613.406,,110162000.0,40.6884377758164,0.0,,,17.2549998864952,8899191919.19192,,64905996.0
YR1975,4.00114163008467,489000000.0,,,14.7074091221572,97333060221.2208,,13893000.0,40.5654578979717,0.0,,,8.10054723852476,19448348073.4565,,70066310.0,,,,,,345000000.0,,53000.0,0.0,866000000.0,,,11.0163235419587,129203555238.827,,107216209.0,6.59708355370384,702000000.0,,,17.8585358408655,360832186018.051,,53931390.0,3.37900217881015,0.0,,,27.064252246646,241756637168.142,,56225800.0,0.597025347391942,0.0,,,6.64691605611397,98472796457.114,,623102900.0,0.0,201000000.0,,,45.6122152596606,2860411285.88714,,2028019.0,4.28620341290004,100000000.0,,,12.3293248927299,521541905673.251,,111573000.0,38.7083794386883,0.0,,,20.7010064488276,11230606060.6061,,66816875.0
YR1976,4.65362865221489,484000000.0,,,13.3574007220217,105101474851.885,,14033000.0,39.287733182589,0.0,,,17.6361931614715,10117113333.3333,,71652386.0,,,,,,386300000.0,,53200.0,0.0,864000000.0,,,9.40238491080544,153168949208.207,,109790943.0,5.15843522445193,596000000.0,,,20.2646985459187,372319038514.067,,54220033.0,2.63005895836588,0.0,,,29.0871355735805,232614555256.065,,56211968.0,0.508288448465199,0.0,,,6.11469021104386,102717164465.894,,637630085.0,0.0,272000000.0,,,37.8912638292265,2966010229.8977,,2055371.0,4.79849780667151,200000000.0,,,12.3294351619248,586161858999.671,,112775000.0,35.6782945736434,0.0,,,18.2979963793685,13168080808.0808,,68834324.0
YR1977,5.00200031520118,429000000.0,,,14.6255039694085,110387703601.744,,14192000.0,46.535677352637,0.0,,,12.3814462328921,9651149301.8746,,73463593.0,,,,,,447000000.0,,53400.0,0.0,1117000000.0,,,7.90998824970282,176344101401.941,,112425392.0,4.56212877167973,617000000.0,,,20.4024028134951,410279486493.715,,54467709.0,2.09313882085685,0.0,,,28.9211191120306,263066457352.172,,56193492.0,0.513504771146693,0.0,,,6.26492932389808,121487322474.298,,652408766.0,0.0,303000000.0,,,28.3823588796791,3249697393.02607,,2080824.0,6.83830432721097,300000000.0,,,11.0747877547208,721411786536.814,,113872000.0,42.7323710581962,0.0,,,17.8573336538718,15126060606.0606,,70958168.0
YR1978,6.38855864046437,405000000.0,,,14.5660075741717,118535980148.883,,14358000.0,43.3528616493916,0.0,,,15.4808518001798,13281767142.8571,,75450033.0,,,,,,475800000.0,,53600.0,0.0,1332000000.0,,,7.88490151920172,200278646123.581,,115121158.0,2.97640894116607,675000000.0,,,19.1956743112029,506707848837.209,,54691866.0,1.4630212733277,0.0,,,26.6523238355132,335883029721.956,,56196504.0,0.512126687793406,0.0,,,6.5881866082292,137300295308.038,,667499815.0,0.0,335000000.0,,,37.3307637038914,2644449232.29321,,2105903.0,9.70970217221373,600000000.0,,,9.06720827028436,1013612173518.84,,114913000.0,36.7919191919192,0.0,,,18.4876427688364,17811515151.5152,,73197254.0
YR1979,6.87642730271505,418000000.0,,,15.3305440739462,134941497216.858,,14514000.0,45.6286427976686,0.0,,,15.7978440622703,15565480321.9448,,77529040.0,,,,,,517200000.0,,53800.0,0.0,1775000000.0,,,9.32610255823822,221338204480.222,,117878412.0,3.61044458953129,708000000.0,,,20.3176715803219,613953129818.07,,54917110.0,1.03032027993102,0.0,,,26.9678657745317,438994070309.191,,56246951.0,0.523838647060388,0.0,,,8.16916637412405,152991653792.864,,682995348.0,0.0,279000000.0,,,50.6320536486202,2425033998.18676,,2132784.0,12.467967335224,900000000.0,,,12.0544257313322,1055012119526.33,,115890000.0,40.6166219839142,0.0,,,21.8192545468538,19688383838.3838,,75561128.0
YR1980,7.32511497994414,385000000.0,,,15.8814442942653,150032311977.716,,14692000.0,48.6187845303867,0.0,,,17.8829473211837,18138049095.6072,,79639498.0,,,,,,613299968.0,,54670.0,0.0,1805000000.0,,,11.1930126187023,237393489892.637,,120694012.0,2.72280690845213,718000000.0,,,22.5200876552228,701288419745.421,,55161510.0,0.746996349504173,0.0,,,24.3901985627136,564947710899.373,,56314216.0,0.518233686850651,0.0,,,9.2450257161908,186325345089.754,,698952837.0,0.0,282000000.0,,,51.0402023841948,2679409453.23903,,2162839.0,14.1663944834428,900000000.0,,,14.1006822241489,1105385973763.87,,116807000.0,40.483504741552,0.0,,,23.3061034507791,23654444444.4444,,78054346.0
YR1981,9.30259862241703,404000000.0,,,16.7108457450299,176953442470.684,,14927000.0,50.4507888805409,0.0,,,14.1162959381044,20249694002.448,,81767516.0,,,,,,739100032.0,,55050.0,0.0,1873000000.0,,,10.0100836217408,258015174748.648,,123570327.0,2.08975800892501,758000000.0,,,23.4410816004392,615552202776.101,,55430278.0,0.533796896966718,0.0,,,23.114806102161,540765675241.158,,56333829.0,0.599259427189602,0.0,,,8.57123813494003,193490610032.1,,715384997.0,0.0,278000000.0,,,55.806591418719,2979061412.37229,,2196921.0,13.5280452750071,896000000.0,,,13.5077950546571,1218988935129.81,,117661000.0,38.5257128626572,0.0,,,22.332815712663,28100606060.6061,,80680461.0
YR1982,9.74112418951663,516000000.0,,,16.8005366166999,194104601125.455,,15178000.0,57.9051383399209,0.0,,,15.5316243276076,18525399201.5968,,83932132.0,,,,,,785500032.0,,55449.0,0.0,2178000000.0,,,8.59068584640934,271314113768.417,,126498322.0,1.92230346036169,794000000.0,,,23.8536900863327,584877732308.614,,55718940.0,0.549551671844403,0.0,,,23.6876284708325,515048916841.37,,56313641.0,1.40371213299218,0.0,,,8.14262790099815,200715145360.918,,732239498.0,0.0,299000000.0,,,48.6424281623825,3293533288.42483,,2234062.0,13.6554498422364,9892000000.0,,,13.3725078030448,1134518001884.56,,118480000.0,36.3127544097693,0.0,,,21.1319136596547,30725971563.981,,83431597.0
YR1983,9.47335500440687,431000000.0,,,15.5968144563307,177333645297.146,,15369000.0,62.3070200990387,0.0,,,14.7130315900677,17609048821.5488,,86142490.0,,,,,,889400000.0,,55930.0,0.0,2985000000.0,,,9.65659695727417,189656506321.431,,129448815.0,1.66983230577027,796000000.0,,,22.7035012420985,559869179791.72,,56023775.0,0.593685020339881,0.0,,,24.7555843480361,489618008185.539,,56332848.0,1.50778242127085,0.0,,,7.85296446248906,218262273410.099,,749428958.0,0.0,361000000.0,,,43.0275103954197,3619294120.69144,,2271735.0,14.7573536113751,11031000000.0,,,11.7627975790364,1243323592058.83,,119307000.0,27.4153424379347,0.0,,,22.5084868560075,28691889763.7795,,86285936.0
YR1984,10.5745085378103,441000000.0,,,14.9780601218154,193593551892.773,,15544000.0,58.8502269288956,0.0,,,13.4154720403534,18920840000.0,,88416529.0,,,,,,985699968.0,,56423.0,0.0,2852000000.0,,,8.79466213036359,188339974086.58,,132383569.0,1.21430763079841,864000000.0,,,23.7063490940978,530683779929.445,,56337675.0,0.950798156892395,1000000.0,,,27.5507240319819,461487097632.349,,56422072.0,1.25144722220606,0.0,,,7.7259745513612,212158234164.06,,766833411.0,0.0,56000000.0,,,61.6103010441909,2373566957.49214,,2306367.0,19.1115691239261,12094000000.0,,,11.9473611770638,1318381627003.76,,120083000.0,27.3122114021853,0.0,,,21.9679753788691,31151825467.4978,,89213708.0
YR1985,9.61139896373057,456000000.0,,,17.2729744195332,180573751629.976,,15758000.0,64.2446996466431,0.0,,,12.8377060246289,22278423076.9231,,90764180.0,,,,,,1039500032.0,,56898.0,0.0,3066000000.0,,,7.50118748797438,210879841322.306,,135274083.0,0.920438821324521,858000000.0,,,23.6921744937567,553138414367.061,,56654703.0,0.982630912835616,1000000.0,,,26.737839376159,489285164271.047,,56550268.0,1.15967885816235,0.0,,,7.64548119785037,232511877842.041,,784360012.0,0.0,50000000.0,,,65.69387404148,2100223149.71396,,2335510.0,19.1985497967586,12700000000.0,,,10.7028463885209,1398892744820.69,,120837000.0,30.5786201799765,0.0,,,22.6045573823961,31144920844.3272,,92191505.0
YR1986,10.9943050393223,460000000.0,,,18.0473622436846,182368494683.828,,16018400.0,63.1666666666667,0.0,,,11.8358105449764,21774033333.3333,,93187593.0,,,,,,1173500032.0,,57382.0,0.0,3193000000.0,,,6.64337507523729,256480855343.617,,138108915.0,0.790408599645564,906000000.0,,,20.5045200320159,771470783218.108,,56976126.0,0.582251841459137,1000000.0,,,25.3981116762651,601452653180.885,,56681396.0,1.8051585764643,2000000.0,,,7.02305023891085,248985994044.2,,801975250.0,0.0,50000000.0,,,45.8865217148858,2754566176.20212,,2358165.0,19.3561653633416,13804000000.0,,,7.23875450698854,2078953333673.55,,121482000.0,30.3294384305756,0.0,,,20.1105081899668,31899070055.7967,,95215375.0
YR1987,10.6361624962934,470000000.0,,,17.0615815695509,189400476442.562,,16263900.0,75.6935743690711,0.0,,,11.6977479923371,24298032258.0645,,95671159.0,,,,,,1296499968.0,,57849.0,0.0,3565000000.0,,,6.43391531185823,283056833878.212,,140891606.0,0.647111640040166,926000000.0,,,20.6953876420443,934173305685.911,,57302642.0,1.50243333200727,0.0,,,25.2517634028928,745162608269.325,,56802050.0,1.90863776894441,3000000.0,,,6.98023315167344,279033584092.159,,819682095.0,0.0,71000000.0,,,46.2674369130299,3286987551.71597,,2375400.0,18.9753033263161,14811000000.0,,,7.168959032765,2532808573157.03,,122069000.0,30.3800996411525,0.0,,,19.0876870592633,33351529274.6869,,98285762.0
YR1988,10.6425441450822,731000000.0,,,16.6189447339952,236065919674.04,,16532200.0,77.5875248432961,0.0,,,12.2497633446486,26579005760.3486,,98186350.0,,,,,,1415100032.0,,58347.0,0.0,3339000000.0,,,6.09988616202614,308333568571.493,,143627505.0,0.618606367494209,923000000.0,,,21.0254913722756,1018847043277.17,,57627106.0,1.5579046215446,1000000.0,,,25.1651101977638,910122732123.799,,56928327.0,1.4751146037983,6000000.0,,,7.45523036139782,296588994812.059,,837468938.0,0.0,89000000.0,,,47.7863502648476,3828310734.97795,,2389415.0,18.7781616954159,15987000000.0,,,7.61088645655665,3071683013178.91,,122578000.0,31.549363875374,0.0,,,19.4253978077819,38472742808.3167,,101389603.0
YR1989,10.2854190179628,810000000.0,,,16.9536459818821,299767934207.312,,16814400.0,78.8756148981026,0.0,,,12.7850303011279,28781714763.8012,,100695496.0,,,,,,1501500032.0,,58841.0,0.0,3403000000.0,,,5.46126797523623,347028139590.227,,146328305.0,0.736988704793152,1352000000.0,,,22.3436273030054,1025211803413.53,,57940199.0,1.58279363556408,9000000.0,,,26.0104386138334,926884816753.927,,57076711.0,2.6764231949319,6000000.0,,,8.15200181269201,296042354986.126,,855334675.0,0.0,93000000.0,,,52.3979846346093,4404970058.83786,,2403464.0,18.9586548819746,17048000000.0,,,8.76042246483375,3054914166263.18,,123069000.0,31.7389670818762,0.0,,,20.3497262080299,40171018229.0715,,104512874.0
YR1990,9.30668170357839,750000000.0,15.4467304615853,503820.0,17.0435698236889,311326664101.578,,17065100.0,84.2602172788412,0.0,0.111658248374604,92360.0,13.0581855259296,31598341233.559,,103171957.0,,,,,,1592400000.0,,59326.0,0.146305779078274,3859000000.0,1.33057522748249,593950.0,6.95836495804288,390725626002.866,,149003225.0,0.725553033444471,1913000000.0,6.12235968730942,502750.0,21.760321808445,1269179616913.63,,58235716.0,1.57290994634231,604000000.0,9.72425282701003,757350.0,24.8957193185344,1093169389204.55,,57247586.0,3.40174630720249,32000000.0,0.644102026461799,1226440.0,8.45291127606256,320979026419.633,,873277799.0,0.0,98000000.0,3.08690314190539,9030.0,51.8769965364948,4592224067.37194,,2419901.0,19.5565447300291,11312000000.0,8.84821587651242,1185030.0,9.44298883288122,3132817652848.04,,123478000.0,33.6288588644387,0.0,0.567126621064794,158450.0,20.2458574928471,40010423970.4576,,107647918.0
YR1991,6.8814841314458,769000000.0,15.3153205276556,503740.0,16.1646593599256,325902990346.127,16.2749996185303,17284000.0,88.1015719467956,0.0,0.102557667973101,92540.0,12.2272149164418,30957483949.5798,5.08099985122681,105599125.0,,,,,,1634900000.0,,59021.0,0.1591453086267,3999000000.0,1.35300162566594,621220.0,7.91452087974015,342609227209.645,14.5109996795654,151648007.0,0.676244209631276,2102000000.0,6.50093053522882,527540.0,21.6487970651412,1269276828275.78,22.6119995117188,58559309.0,1.81234285145261,699000000.0,9.93192900285045,772600.0,22.6977954090184,1142797178130.51,11.4460000991821,57424897.0,4.18316335479991,39000000.0,0.681429665603252,1281480.0,8.49348578059959,270105341879.226,16.2880001068115,891273202.0,0.0,47000000.0,3.03362113105694,9020.0,51.3914501409646,4106199176.28901,42.5519981384277,2439329.0,20.2967818845172,11598000000.0,8.91920234906908,1199520.0,8.28787019613317,3584420077100.84,4.19500017166138,123964000.0,32.0503457006524,0.0,0.544418958688386,159400.0,18.4872623946698,45625234697.7094,0.98199999332428,110778655.0
YR1992,7.31055892814499,670000000.0,15.3392397827951,505910.0,16.3885620312744,325480273782.973,17.621000289917,17495000.0,86.5977063188667,0.0,0.109460956832488,94440.0,12.3473285920799,31708874594.1645,5.25,107983708.0,,,,,,1679900000.0,,58595.0,0.16133569407443,4899000000.0,1.35265678686564,631150.0,8.38505912549662,328187944300.908,14.7840003967285,154259382.0,0.692374747560384,2134000000.0,6.2642715827656,512800.0,20.6610532607475,1401465923172.24,25.0139999389648,58851216.0,3.94024036624852,974000000.0,9.60361478546121,750470.0,23.3594580240118,1179659529659.53,11.668999671936,57580402.0,4.821742624881,88000000.0,0.693121231359505,1313710.0,9.59017211680717,288208430383.964,16.6389999389648,909307018.0,0.0,92000000.0,3.31159868137423,9820.0,63.2197826892854,3535460089.80719,42.8370018005371,2461047.0,20.055122091467,11627000000.0,8.98107293550331,1212810.0,7.63772487869044,3908809463463.86,4.21299982070923,124425000.0,29.9262446220037,0.0,0.587475537727544,168600.0,20.4238124130644,48884606848.1265,1.00199997425079,113911126.0
YR1993,7.53203950109045,681000000.0,15.4163128997566,505590.0,17.8603748609917,312126194491.287,17.2240009307861,17667000.0,86.6065609385184,0.0,0.113909623778262,95650.0,14.1043140341485,33166519417.9894,5.25400018692017,110350641.0,,,,,,1820359900.0,,58910.0,0.15398291900816,4954000000.0,1.37189195989322,641360.0,9.09604864582984,368295777770.079,13.9750003814697,156849086.0,0.744377775979764,1976000000.0,5.91353699351942,494010.0,19.1125443145592,1322815612694.0,27.6070003509521,59106758.0,10.5821273685356,1416000000.0,9.36474323517193,733570.0,24.8917980484193,1061388722255.55,13.460000038147,57718614.0,4.95448184123377,99000000.0,0.703544619470025,1345440.0,9.81732233160511,279296022987.919,16.6310005187988,927403866.0,0.0,127000000.0,3.34865045764219,10010.0,38.7579021824023,5440064773.17365,41.6969985961914,2484583.0,19.9012421864144,11369000000.0,8.88944075495278,1205290.0,6.93602346903134,4454143876947.21,5.10699987411499,124829000.0,30.8435019547447,0.0,0.629789827502155,178420.0,22.2972222574199,51809949334.2396,0.913999974727631,117086680.0
YR1994,7.29740561946294,687000000.0,15.6073928871465,508670.0,18.4866421783986,322807333102.733,16.2740001678467,17855000.0,84.6381847914963,0.0,0.120101810855011,98090.0,13.864320908288,33768660882.793,5.25,112737684.0,,,,,,1867160100.0,,59320.0,0.18420172203614,5388000000.0,1.39695292278059,657690.0,9.16168336908223,525369851353.742,14.326000213623,159432717.0,0.763812361328549,2163000000.0,5.80644291320002,488270.0,20.1659170058998,1393982750472.59,30.3780002593994,59327200.0,16.3858668898297,1861000000.0,9.25227870132839,722700.0,25.7828904073559,1140489745944.29,12.8210000991821,57865745.0,5.59909726646759,200000000.0,0.727526089342543,1391780.0,10.1900594601826,327275583539.559,16.7849998474121,945601828.0,0.0,174000000.0,3.33992017670489,10050.0,55.8471865767199,5452564385.43307,39.7939987182617,2509042.0,20.1251498185759,12215000000.0,9.29029062614837,1262490.0,6.97047910606066,4998797547740.97,5.51599979400635,125178000.0,26.8770422929698,0.0,0.633501570302922,185090.0,18.8993431428577,52293456906.2665,0.913999974727631,120362764.0
YR1995,8.62995862388241,746000000.0,15.9921425409473,516760.0,19.8468645372738,367915800415.8,14.8369998931885,18072000.0,88.0251712011845,0.0,0.143700700077684,103120.0,17.3448618625588,37939748768.6567,5.36800003051758,115169933.0,,,,,,2030750000.0,,59746.0,0.20319229610923,5594000000.0,1.49055774257443,677740.0,9.45558496425244,769333330368.987,14.8400001525879,162019889.0,0.781757366129141,2335000000.0,5.91650545807202,497010.0,21.0232025170056,1601094756209.75,30.6909999847412,59541904.0,19.1702582641832,2033000000.0,9.03651784595503,713510.0,25.1584570595433,1346422597443.59,12.6020002365112,58019030.0,6.94755228249068,530000000.0,0.768837675103507,1457390.0,12.0234806709882,360281952716.797,16.951000213623,963922586.0,0.0,205000000.0,3.42581318661802,10360.0,56.3760015228339,6577523824.70029,42.7830009460449,2533705.0,19.9892580342203,13993000000.0,9.34702563121653,1277530.0,7.57363450140765,5545563663889.7,6.08900022506714,125472000.0,26.8290113594466,0.0,0.668380315266584,195560.0,19.4227840177671,60636022422.6176,0.907000005245209,123776835.0
YR1996,7.02016640812297,954000000.0,16.3612036480804,514520.0,19.3550949992055,401089529590.288,14.8140001296997,18311000.0,87.1012724420429,0.0,0.142966514547859,103650.0,16.3695800738575,46438484107.5795,5.39499998092651,117649927.0,,,,,,2695390000.0,,60129.0,0.334388453642225,6754000000.0,1.597062891389,685170.0,8.90538179367041,850426433004.077,16.7250003814697,164614682.0,0.809568701390526,2431000000.0,6.15800738020349,515770.0,21.2736750818117,1605675086549.56,30.3339996337891,59753095.0,24.0718209743124,2292000000.0,9.36373662363249,733630.0,25.830479010438,1421514820592.82,11.4020004272461,58166950.0,7.22838808119522,924000000.0,0.790663148540043,1509060.0,11.5443185997804,392897054348.071,17.0550003051758,982365248.0,0.0,253000000.0,3.53313940150026,10700.0,52.4743312273645,7393883554.77969,45.8559989929199,2558631.0,20.7284702575984,14563000000.0,9.4327154750829,1291660.0,8.93812314202219,4923391533851.63,6.34000015258789,125757000.0,27.0477801268499,0.0,0.673894593195739,202600.0,21.4270250588042,63320122807.1223,0.857999980449677,127349293.0
YR1997,6.25742747769703,995000000.0,16.5669384889561,522740.0,18.8671783006776,435323994365.315,14.6219997406006,18517000.0,84.5083487940631,0.0,0.157872086010643,105940.0,15.8051428327327,48244309133.4895,6.51900005340576,120160571.0,,,,,,2932827000.0,,60497.0,0.382165191472229,7383000000.0,1.6835811622297,713090.0,9.59255968605065,883206452795.124,19.1599998474121,167209046.0,0.978092719197565,2688000000.0,5.98917622411439,505840.0,22.5103014673064,1452884917959.09,31.0909996032715,59964841.0,31.7781659888883,2777000000.0,8.95674352264695,712030.0,25.1841043056525,1559569417157.83,11.1630001068115,58316954.0,8.50028983790233,1039000000.0,0.820741309840387,1567730.0,11.9286695483601,415867753863.874,16.9190006256104,1000900028.0,0.0,261000000.0,3.56049001630859,10840.0,48.3955897632474,8400033893.99653,48.5190010070801,2583914.0,21.1991025778815,15040000000.0,9.31316785263809,1279530.0,9.39982198359144,4492448605638.94,6.47300004959106,126057000.0,25.0309709596975,0.0,0.681533268559695,209520.0,20.7703128757754,62433300338.0941,0.781000018119812,131057432.0
YR1998,6.63217430096555,1065000000.0,17.5116241782908,550570.0,20.4489489540488,399404463135.047,13.5109996795654,18711000.0,84.5831392640894,0.0,0.156908687897926,105870.0,16.1227321741207,49984559471.3656,7.73600006103516,122682818.0,,,,,,3130748000.0,,60943.0,0.410569762671407,7510000000.0,1.71251622188884,736040.0,9.40808459356536,863711007325.493,23.1219997406006,169785253.0,0.980747773357568,2674000000.0,6.33333667850303,521880.0,23.380274814039,1503108739159.44,28.3850002288818,60186284.0,32.6241625793801,3531000000.0,8.97684501282085,708380.0,24.8793470617579,1653391851606.49,10.5900001525879,58487141.0,9.96027799448537,1129000000.0,0.823779815126911,1601880.0,12.681000899683,421351477504.743,17.1730003356934,1019483586.0,0.0,205000000.0,3.72574528321414,11390.0,46.0419961889579,8787195622.43502,47.7560005187988,2608874.0,21.8344589078569,13757000000.0,8.94976265822785,1232410.0,8.62938012374338,4098362709531.24,7.09299993515015,126400000.0,29.285626948707,0.0,0.668702447975272,213320.0,17.5269340049655,62191955814.3478,0.767000019550323,134843233.0
YR1999,7.85799525603186,1195000000.0,17.5969565676847,583610.0,20.7645380110931,389098884572.001,12.4160003662109,18926000.0,84.9688581314879,0.0,0.160636276216274,109910.0,16.6292981713845,51270569883.5275,8.88500022888184,125189655.0,,,,,,3324433000.0,,61285.0,0.792612244410187,8368000000.0,1.74455845685071,752070.0,11.4172682143159,599642075004.471,23.9200000762939,172318674.0,1.47744691953948,2892000000.0,6.19868439783533,511480.0,23.6843852136939,1493151737698.46,28.1909999847412,60496708.0,39.1244353182752,4280000000.0,8.9014664107674,682210.0,25.3698283059973,1685762821549.91,10.3000001907349,58682466.0,10.8120636898327,2421000000.0,0.870943498219465,1678280.0,13.363533431492,458820417337.807,17.4720001220703,1038058154.0,0.0,203000000.0,3.79081824317985,11670.0,45.1951398055231,8887061866.89206,48.2509994506836,2632677.0,23.0256671002104,14137000000.0,9.20698723061494,1258050.0,8.32009171513089,4635982224063.88,8.20199966430664,126631000.0,29.7537245363332,0.0,0.712355398616949,225890.0,16.9664634820763,62973855718.8874,0.799000024795532,138624625.0
YR2000,7.74072732817444,1230000000.0,17.689656972798,608210.0,21.5759790365138,415576210513.094,11.2229995727539,19153000.0,88.7832096886691,0.0,0.169593941656331,112250.0,16.9775131339119,53369787318.6245,10.206000328064,127657862.0,,,,,,3480219000.0,,61833.0,1.16591671204609,7846000000.0,1.78882884368111,765600.0,12.451713727281,655448188259.351,22.69700050354,174790339.0,2.15140960865796,3039000000.0,6.12747793966756,508560.0,27.2662714690058,1365639660792.16,22.5389995574951,60912500.0,39.553121869783,4884000000.0,9.00148361810467,684830.0,26.901775147929,1662127402027.54,10.3559999465942,58892514.0,9.82362275491146,2964000000.0,0.889827520407466,1717560.0,13.9036865989046,468394937262.37,17.2360000610352,1056575548.0,0.0,205000000.0,3.78950826044996,11780.0,50.7229603527871,9005064474.93003,45.4959983825684,2654698.0,23.3107126970881,13953000000.0,9.32609603998644,1274300.0,9.09887738115494,4968359075956.59,8.01299953460693,126843000.0,31.974866404369,0.0,0.691074356333998,228010.0,13.2438829021964,82017743416.2841,0.823000013828278,142343583.0
YR2001,7.70115711323657,1599000000.0,17.7695358780199,634100.0,22.0981476107222,379083932596.329,12.2889995574951,19413000.0,87.5517479300828,0.0,0.198172463991475,116870.0,18.7114578649468,53991289844.3291,8.92300033569336,130088709.0,,,,,,3680483000.0,,62504.0,3.02001777734484,9015000000.0,1.80342619486481,796350.0,14.5645744733948,559983704094.17,22.6420001983643,177196051.0,2.77762495277707,3471000000.0,6.14204323283934,513380.0,26.6934728903914,1377657339291.34,20.4589996337891,61357432.0,37.1121537367144,5493000000.0,9.20979383630894,695590.0,27.3828110291999,1643908161796.46,8.6569995880127,59119673.0,9.50981942326296,3983000000.0,0.88733015496834,1741320.0,13.4348751195257,485441014538.638,17.4389991760254,1075000094.0,0.0,170000000.0,3.7686384970909,11810.0,49.2635775306616,9194717835.99985,40.9609985351563,2674706.0,23.6256516407441,13811000000.0,9.20667877844104,1251440.0,9.48280450872269,4374711694090.87,8.46000003814697,127149000.0,34.3158912053017,0.0,0.683731254282483,231230.0,14.2937499540797,79484403984.8849,0.737999975681305,145978408.0
YR2002,13.9547361662078,1997000000.0,17.9574992112521,627080.0,20.7462091985087,395342716617.832,11.7209997177124,19651400.0,89.2472542191267,0.0,0.207053126231595,120430.0,16.557411788963,54724081490.5102,7.43900012969971,132478077.0,,,,,,3937228000.0,,62912.0,3.58896175843504,10280000000.0,1.76720718153163,823220.0,13.3877672118303,509795270685.19,22.882999420166,179537523.0,3.31791991040948,3809000000.0,6.00547532632575,505830.0,25.5409745004028,1501409382971.38,20.7660007476807,61805266.0,39.5938584744992,6340000000.0,8.93086949829055,677780.0,26.9247506586376,1784076738609.11,8.7209997177124,59370479.0,10.300539555972,5178000000.0,0.903241997603391,1763940.0,15.244279010869,514937948870.08,17.507999420166,1093317187.0,0.0,62000000.0,3.80638603884445,11980.0,49.0848041142906,9719017925.92929,36.2630004882813,2692843.0,23.5341313230026,14537000000.0,9.47051669347562,1283110.0,9.5916764589296,4182846045873.61,8.6540002822876,127445000.0,35.6731480503012,0.0,0.684053551563579,237640.0,13.8578032654486,79904985384.8652,0.658999979496002,149549695.0
YR2003,13.3172549481835,2345000000.0,17.6920293133086,546710.0,21.1601101543906,467390797903.32,11.2700004577637,19895400.0,89.4581980519481,0.0,0.2124019629176,122030.0,16.2267362042167,60158929188.2556,6.01100015640259,134791598.0,,,,,,4186525000.0,,63325.0,3.59829719025413,11955000000.0,1.70150864276186,837390.0,12.9596011889151,558233724164.711,24.5659999847412,181809244.0,3.44930757394426,4113000000.0,6.05415256644402,510700.0,24.6858645485955,1844544792036.86,18.1499996185303,62244880.0,37.6471688952724,7391000000.0,9.08804728145118,685430.0,26.1557021198917,2057093877551.02,9.39700031280518,59647577.0,11.1859036901713,6862000000.0,0.913962074164491,1808910.0,15.6445222747906,607699285433.872,17.9489994049072,1111523146.0,0.0,63000000.0,3.90855963487631,12410.0,51.5371618519403,9430230564.4699,28.1520004272461,2709438.0,24.6649336712983,15815000000.0,9.51925335504784,1290880.0,9.86032369115249,4519561645253.53,8.60299968719482,127718000.0,48.5129283681801,0.0,0.690167048447839,245480.0,14.629015437029,91760542940.0717,0.669000029563904,153093371.0
YR2004,13.548307940389,2573000000.0,18.1478978904379,605380.0,19.8630985817615,614166310997.297,10.8529996871948,20127400.0,91.1031884292833,0.0,0.222868792353146,123760.0,15.7117252031078,65108544250.0425,9.43599987030029,136986429.0,,,,,,4484703000.0,,63740.0,4.9719578890859,12537000000.0,1.77580703557726,883460.0,13.1324911100906,669289321944.516,23.3500003814697,184006479.0,3.70118337993002,4385000000.0,6.02743954575417,508440.0,25.4561715567725,2119633181634.37,19.738000869751,62704901.0,40.1415361967706,9294000000.0,9.04048907859009,680780.0,26.366897365049,2421814353716.59,9.6560001373291,59987905.0,11.1956151469829,8547000000.0,0.962435743168246,1894780.0,19.6446890963991,709148514804.659,18.121000289917,1129623466.0,0.0,103000000.0,3.87887488408329,12320.0,51.7740793144263,10174664853.9476,41.6049995422363,2725017.0,23.0967023502129,16832000000.0,9.47934033077387,1282760.0,10.8780887981112,4893116005656.56,8.01200008392334,127761000.0,50.7678473414381,0.0,0.757349942359063,262420.0,13.3048934309628,107759683863.123,0.667999982833862,156664698.0
YR2005,10.4240476117488,4794000000.0,18.117853570518,568380.0,20.9556895009566,695075176665.163,10.3210000991821,20394800.0,90.7815631262525,0.0,0.235263647224499,128390.0,20.0040929665367,69442943089.4309,12.8879995346069,139035505.0,,,,,,4868136000.0,,64154.0,4.66760786337595,13684000000.0,1.77572199746423,888930.0,11.8429659197657,891633826603.377,24.8929996490479,186127108.0,4.03861977206281,4845000000.0,6.02760180081608,509070.0,26.947655734595,2196945232435.8,21.2329998016357,63179356.0,38.601407090075,12016000000.0,8.9501524191421,674860.0,27.4053053035889,2544829090909.09,10.9060001373291,60401206.0,10.5451501838872,11025000000.0,0.991399582912634,1969680.0,22.396422920159,820381595512.902,18.306999206543,1147609924.0,0.0,122000000.0,3.85401459854015,12280.0,55.2146582204731,11243868485.7428,38.4469985961914,2740000.0,21.5877949112997,18477000000.0,9.49981608007952,1283820.0,12.4140588557406,4831467035389.8,7.32100009918213,127773000.0,44.0953123498062,0.0,0.75899537558035,270700.0,17.844083391499,120055291992.938,0.630999982357025,160304007.0
YR2006,9.76508956846434,5716000000.0,18.1206789094546,611700.0,21.730887107436,747556154537.287,9.42399978637695,20697900.0,90.9755849784972,0.0,0.254752384443289,133590.0,21.7584608673034,71819083683.7403,12.0050001144409,140921154.0,,,,,,6144000000.0,,64523.0,4.35401598237217,14960000000.0,1.77490938079997,886910.0,11.6673834315778,1107626711406.63,23.1119995117188,188167353.0,3.82135180320038,6035000000.0,5.8408041976332,498790.0,28.16836935943,2320536221304.7,22.4689998626709,63621376.0,35.7949317540604,13513000000.0,8.90169773868215,671960.0,29.3334154972974,2717059797608.1,11.9370002746582,60846820.0,10.2566090795364,15353000000.0,1.04183979629495,2065570.0,24.4565390769537,940259888792.141,18.5669994354248,1165486291.0,0.0,129000000.0,4.37842677244597,13480.0,60.6140735603109,11930171468.3796,35.4900016784668,2754414.0,23.9137531261528,19287000000.0,9.30952492686971,1261900.0,14.3590020520575,4601663122649.92,7.28499984741211,127854000.0,36.4625864193131,0.0,0.807693445903006,290100.0,21.5477668399836,137264061106.043,0.600000023841858,164022626.0
YR2007,13.1077171278176,6674000000.0,18.5028519848662,614990.0,21.8514033960262,853955405511.502,9.19900035858154,20827600.0,89.895178197065,0.0,0.266296779341981,136520.0,22.9470478066831,79611888213.148,12.5600004196167,142660381.0,,,,,,6767000000.0,,64888.0,3.48109725551335,18670000000.0,1.84883593997795,911240.0,11.9649363108496,1397114247331.17,21.7849998474121,190130445.0,3.9000500211082,8304000000.0,5.6690313848081,491620.0,28.5674990728149,2660591246211.77,19.4050006866455,64016227.0,42.1896272244008,14612000000.0,8.62913806968256,656480.0,27.3830734249293,3106182472989.2,12.4549999237061,61322463.0,11.5717923218989,19258000000.0,1.1292167893744,2209240.0,24.8865689304956,1216735441524.86,18.8050003051758,1183209471.0,0.0,138000000.0,4.34212631975173,13400.0,61.5157311388929,12799593017.7101,35.3610000610352,2768229.0,25.5821292792148,20590000000.0,9.58086264951055,1297980.0,15.5274506811561,4579750920354.81,7.32499980926514,128001000.0,34.416324311893,0.0,0.871590791925153,306860.0,19.7758151541605,152385716311.916,0.514999985694885,167808106.0
YR2008,14.3804536085867,7817000000.0,18.2830412439057,587260.0,22.7181592717319,1055127126230.98,8.54800033569336,21249200.0,89.8123794494126,0.0,0.288141373384069,144740.0,24.9620555504832,91631278239.3237,12.9099998474121,144304164.0,,,,,,6980000000.0,,65273.0,6.21465144352761,20654000000.0,1.9380268626479,924380.0,13.7235688492059,1695855391810.9,20.2689990997314,192030362.0,3.84738450286743,10172000000.0,5.56442899965839,485350.0,29.2776980294924,2930303780828.12,17.9979991912842,64374979.0,45.7913884052699,16706000000.0,8.3228443641371,636520.0,29.1416680010408,2938882352941.18,12.7080001831055,61806995.0,10.2437069387226,23259000000.0,1.18590477170691,2309340.0,29.2708631790835,1198895582137.51,18.742000579834,1200669762.0,0.0,102000000.0,3.4581067620366,11000.0,71.6340967512963,13709402085.3206,36.5260009765625,2781869.0,26.505747272577,20334000000.0,9.05507445554141,1231180.0,16.8939331648175,5106679115127.3,6.69999980926514,128063000.0,32.3939049947607,0.0,0.828201814465735,309840.0,23.2118906101766,170077814106.305,1.24800002574921,171648984.0
YR2009,16.1518773050646,6800000000.0,18.2074249597772,601070.0,22.7474239726832,928042998085.702,10.3210000991821,21691700.0,91.6157839524437,0.0,0.306664813200526,148380.0,23.1526633174097,102477791472.39,13.1680002212524,145924795.0,,,,,,6656000000.0,,65636.0,2.86020153565276,23840000000.0,1.80946064296739,905490.0,11.2546044315297,1666996294372.87,23.0400009155273,193886505.0,3.86365734939123,12664000000.0,5.31441442186309,467050.0,25.6269036398058,2700887366932.03,21.6009998321533,64707035.0,44.6293064858968,20017000000.0,7.4686553963492,581690.0,27.8243166872174,2425798410967.44,15.9879999160767,62276270.0,12.657990498222,30514000000.0,1.28808099727395,2452660.0,25.8723502686493,1341886602798.69,19.3850002288818,1217726217.0,0.0,184000000.0,2.81847416821927,9260.0,52.4055281197991,12120460872.8003,36.5830001831055,2795839.0,28.2737518591423,20814000000.0,8.60004529586792,1171570.0,11.9706007858756,5289493117993.89,8.22000026702881,128047000.0,29.4461864362344,0.0,0.826887882628638,320200.0,19.6760958406122,168152775283.032,0.649999976158142,175525610.0
YR2010,17.6468725633384,8256000000.0,17.5814449601144,571220.0,20.7394819696391,1147589183475.73,11.0970001220703,22031750.0,92.696739396911,0.0,0.342739973529334,155970.0,21.7787299851405,115279077465.226,7.66099977493286,147575433.0,,,,,23.8000876023396,6634526000.0,,65124.0,7.07229347836625,33672000000.0,2.03220381623177,986440.0,11.9065933373084,2208838108577.09,20.556999206543,195713637.0,4.21028381048584,15482000000.0,5.3506589250195,470790.0,28.0794912416196,2645187882116.67,22.9720001220703,65027505.0,46.3255460026739,22220000000.0,7.67592642970483,594560.0,30.0642292030431,2491110093454.18,17.4790000915527,62766365.0,11.5669950256071,34065000000.0,1.34921446581292,2564130.0,26.8542732486568,1675615335600.56,19.7189998626709,1234281163.0,0.0,180000000.0,2.66148223211541,8860.0,49.5851336897468,13220556882.7046,39.601001739502,2810464.0,27.9469398209223,37857000000.0,9.02693839306629,1228240.0,13.5799692441961,5759071769013.11,8.05900001525879,128070000.0,27.4188421766401,0.0,0.783727350094268,314470.0,19.3526587348244,177165635077.065,1.07500004768372,179424643.0
YR2011,19.2972229989721,9718000000.0,17.2681103655036,673130.0,20.4123991993782,1397907916789.9,10.7379999160767,22340024.0,86.660023101488,0.0,0.364566607143118,161700.0,27.4987748801959,128637938711.386,8.62600040435791,149273134.0,,,,,23.7311948264219,6312691000.0,,64564.0,4.71926086539528,34939000000.0,2.11184451477929,1004840.0,12.3518924993294,2616156606666.62,19.7639999389648,197514541.0,4.80880700966075,19608000000.0,5.10431227537594,453510.0,30.369238945981,2865157541994.17,22.6159992218018,65342789.0,40.1738972720003,28851000000.0,7.02542460093701,551940.0,31.7181878025216,2674891473843.81,18.4389991760254,63258810.0,10.627191643649,42495000000.0,1.40831559281322,2671200.0,31.0834686939585,1823049927771.46,19.9160003662109,1250287939.0,0.0,229000000.0,2.68937822990787,9010.0,53.4532063299648,14444655299.8772,40.6650009155273,2825932.0,36.1084817194453,39959000000.0,9.48244975866952,1284770.0,15.4204984672798,6233147172341.35,7.21799993515015,127833000.0,29.0777158481439,0.0,0.772553017405329,323170.0,18.973235487874,213587413183.996,1.36600005626678,183340168.0
YR2012,19.3430715070806,12573000000.0,16.9692565563587,670930.0,21.6727652413249,1546508558465.66,10.8970003128052,22733465.0,84.1357439973642,0.0,0.384025154859518,165250.0,27.9493338841896,133355749482.478,9.5600004196167,151005733.0,,,,,23.2697593736654,6378188000.0,,64798.0,8.46144937606763,40287000000.0,2.26687811082304,1042040.0,13.2367345412855,2465228293894.01,19.7199993133545,199287292.0,3.89558211417827,24320000000.0,5.12231119022055,456320.0,30.499031981938,2683671716967.19,23.056999206543,65659814.0,27.7219581709441,35840000000.0,7.33247132682362,573410.0,31.1687014009312,2719158341005.79,18.1009998321533,63700215.0,7.61347011572959,52150000000.0,1.50782097489256,2814000.0,31.2592910673332,1827637859135.7,20.3969993591309,1265780243.0,0.0,284000000.0,2.50164665349344,8570.0,51.8563668932812,14807086889.2099,43.7630004882813,2842128.0,38.7185888748401,42796000000.0,9.81140649852306,1327040.0,16.0561363041928,6272362996105.03,7.49700021743774,127629000.0,28.2091027308192,0.0,0.767566766628333,326970.0,20.4088394482827,224383620829.57,3.38599991798401,187280125.0
YR2013,20.4526061509248,14939000000.0,16.3986459950997,581890.0,21.289801061405,1576335282651.07,11.3149995803833,23128129.0,83.1494728915663,140000000.0,0.39656611450694,168630.0,26.7585286136071,149990451022.29,10.4809999465942,152761413.0,,,,,24.656915602754,6465756000.0,,65001.0,12.0823819462927,46977000000.0,2.40185952057599,1070850.0,14.0437266803948,2472819362216.69,19.2259998321533,201035904.0,3.02813374992066,25956000000.0,5.10055617017218,457250.0,30.3993172078638,2811876903329.03,24.3470001220703,65998685.0,26.9615413828898,48576000000.0,7.06490255865771,554670.0,31.0808045037936,2803291406029.93,18.0279998779297,64128273.0,5.24143710241891,59079000000.0,1.5355600591395,2875980.0,28.4132706461587,1856722121394.53,21.0520000457764,1280842119.0,0.0,277000000.0,2.65154562722347,9050.0,52.6836888029853,14264202737.3082,49.5530014038086,2858710.0,38.4681449462751,51223000000.0,9.89367962650555,1338630.0,18.1946119190738,5212328181166.18,6.07800006866455,127445000.0,25.6255044390638,397000000.0,0.758649973014073,337420.0,20.0564452502461,231218567178.979,5.45100021362305,191260799.0
YR2014,21.9097412431927,18622000000.0,15.7558761009156,593500.0,21.3759568810043,1467504819608.92,12.4259996414185,23475686.0,82.0109230906975,149000000.0,0.412898522713156,173510.0,25.5244202017989,172885454931.453,11.7440004348755,154517385.0,,,,,25.3555042510214,6413988000.0,,65138.0,13.7263798757642,58221000000.0,2.49936201612059,1105900.0,13.6734629958056,2456043766028.73,18.701000213623,202763744.0,2.29146240255818,28977000000.0,4.59237682939366,424130.0,30.8121120215465,2855964488590.19,23.0900001525879,66312067.0,30.0915915333753,58694000000.0,6.42159819144514,513800.0,29.8740194077057,3087165602962.86,14.7370004653931,64602298.0,4.63653355306791,66931000000.0,1.6493275187685,3048790.0,25.9542227389497,2039127446298.55,21.7390003204346,1295600768.0,0.0,268000000.0,2.57379039677066,8890.0,53.4863389679254,13899228824.2161,45.6640014648438,2875137.0,41.5149356445458,66421000000.0,9.58405355290864,1300990.0,20.0127792201784,4896994405353.29,5.52600002288818,127276000.0,26.5001682431675,802000000.0,0.786820565567462,351040.0,18.6586609892683,244360888750.807,3.99000000953674,195305012.0
YR2015,20.7954779685741,21044000000.0,15.7864494009173,594580.0,21.5563387787263,1350534154255.76,11.8879995346069,23815995.0,80.7035976343394,158000000.0,0.458797539455164,182600.0,24.7493225204896,195078678697.23,12.9829998016357,156256287.0,,,,,23.3246590561242,6654541000.0,,65237.0,13.6662471718485,70487000000.0,2.34736573083425,1082700.0,14.0534345199388,1802211999538.68,23.4459991455078,204471759.0,3.51272595626573,34917000000.0,4.66608659650847,430140.0,31.1590715564548,2439188643162.5,23.3880004882813,66548272.0,29.7402157238164,77262000000.0,6.14854495774701,497740.0,28.7314774815369,2956573778737.76,12.8850002288818,65116219.0,4.92319617296841,74143000000.0,1.64119839274392,3063650.0,22.1097247094602,2103587813812.75,22.4120006561279,1310152392.0,0.0,294000000.0,2.52159788365645,8780.0,46.1958561816546,14188935947.5694,42.6599998474121,2891024.0,39.5872171982853,80292000000.0,9.29283236721435,1265070.0,17.990648516827,4444930651964.18,5.13800001144409,127141000.0,25.7250069907361,840000000.0,0.820300353282738,365780.0,17.05026113955,270556131701.171,9.65499973297119,199426953.0
YR2016,,,15.8720795379851,573390.0,21.5478988311826,1206685107002.47,11.3999996185303,24190907.0,,,0.466776363121019,183500.0,21.3045813926876,221415188000.475,14.1669998168945,157977151.0,,,,,23.4198528067971,6899911000.0,,64554.0,,,2.14349752363003,1051690.0,12.067003034456,1795693265810.23,30.9099998474121,206163056.0,,,4.68661220239091,430020.0,30.852605198715,2472964344587.17,23.9549999237061,66724104.0,,,5.77474166798541,475240.0,29.8585070796048,2722851958486.23,11.043999671936,65611593.0,,,1.64835905308142,3103110.0,20.9242508026814,2294797980509.01,23.0739994049072,1324517250.0,,,2.66667400718866,9230.0,44.6417214090368,14077109396.8584,39.1300010681152,2906242.0,,,9.22394197021634,1257730.0,15.2522776095286,5003677627544.24,4.44600009918213,126994511.0,,,0.886749484691346,389400.0,16.1605045709581,278654637737.69,8.80200004577637,203631356.0
YR2017,,,15.7386474030825,619790.0,20.714437559185,1326882872011.46,11.5080003738403,24601860.0,,,0.492906612933688,192420.0,20.2678924628174,249710922462.309,16.5839996337891,159685421.0,,,,,23.8542792001922,7142316000.0,,63873.0,,,2.16442150357383,1064920.0,11.8007665046081,2063514688761.98,33.0299987792969,207833825.0,,,4.72757562163375,432380.0,32.0132141063066,2595151045197.65,21.1679992675781,66918020.0,,,5.54626594443601,461190.0,31.3090714367118,2699016715111.39,10.548999786377,66058859.0,,,1.71919020043,3229920.0,21.9507321152243,2651472946374.91,23.6060009002686,1338676779.0,,,2.46161388747377,8690.0,48.8661099457791,14808989993.3185,35.6870002746582,2920848.0,,,9.08563914300274,1235370.0,16.831774467385,4930837369151.42,4.46799993515015,126785797.0,,,0.950909547146283,414600.0,17.5955165571328,304567253219.097,7.81400012969971,207906210.0
YR2018,,,15.475516485656,615380.0,21.5125131175846,1428529571351.06,10.7189998626709,24982688.0,,,0.512837313770296,198970.0,23.4439348097981,274038973437.275,16.7290000915527,161376713.0,,,,,25.851397410057,7224329000.0,,63919.0,,,2.04187419904738,1032640.0,14.2412038821035,1916933708381.89,32.0190010070801,209469320.0,,,4.61924120513374,423350.0,32.7242853866575,2790956878746.66,19.8920001983643,67101930.0,,,5.39870813789348,452080.0,31.8078256790441,2900791442554.06,10.1999998092651,66460344.0,,,1.79982544579379,3374990.0,23.6574164799241,2701111782775.03,24.261999130249,1352642283.0,,,2.89963415544152,10020.0,51.414057756045,15730793852.7913,30.8840007781982,2934853.0,,,8.7422577098865,1186770.0,18.3094757615029,5036891740656.35,3.05100011825562,126529100.0,,,0.981820104961691,431220.0,20.0713553978123,314567541558.339,6.82200002670288,212228288.0
YR2019,,,,,21.6753124505454,1391952510370.48,10.6300001144409,25365745.0,,,,,21.4360523057267,302571320445.75,16.8680000305176,163046173.0,,,,,25.6222213641082,7484113000.0,,63913.0,,,,,14.3505751865419,1877824273720.78,31.7390003204346,211049519.0,,,,,32.549417775836,2728870246705.88,18.1110000610352,67248926.0,,,,,31.9222909053986,2878673912414.44,9.12100028991699,66836327.0,,,,,20.9573845344703,2870504096717.77,23.9680004119873,1366417756.0,,,,,52.0745268861888,15830768549.8916,26.9740009307861,2948277.0,,,,,17.3960521463047,5148781948478.17,3.83400011062622,126264931.0,,,,,20.2584125413089,279056608888.638,6.60699987411499,216565317.0
YR2020,,,,,20.0556726199551,1327836171068.51,13.1639995574951,25693267.0,,,,,18.5297045367696,323056957972.312,19.2569999694824,164689383.0,,,,,22.2032238736171,6842700000.0,,63903.0,,,,,15.4834410410785,1444733258971.65,35.2070007324219,212559409.0,,,,,29.893784250888,2630317731455.26,19.9860000610352,67379908.0,,,,,27.9880203247538,2759804061837.07,11.6479997634888,67215293.0,,,,,19.2078177442226,2660245248867.63,23.673999786377,1380004385.0,,,,,52.0745268865968,13812425036.5864,30.8169994354248,2961161.0,,,,,15.5447530655594,5057758958706.64,4.22700023651123,125836021.0,,,,,17.4470259955127,262610002938.509,7.7039999961853,220892331.0
